Autauga,AL,30.92,31.7,57623,15768,15.2,10.74,51.41,60.4,457
Baldwin,AL,26.24,35.5,84935,16954,13.6,9.73,51.34,66.5,282
Barbour,AL,46.36,32.8,83656,15532,25,8.82,53.03,28.8,47
Blount,AL,32.92,34.5,61249,14820,15,9.67,51.15,62.4,185
Bullock,AL,67.67,31.7,75725,11120,33,7.08,50.76,17.6,141
Butler,AL,47.43,33.5,75887,12015,27.1,9.48,53.25,28.1,266
Calhoun,AL,38.44,32.7,76073,15162,18,11.95,51.66,190.8,560
Chambers,AL,45.36,34.8,40498,13887,18.8,10.52,52.77,62.1,218
Cherokee,AL,53.61,36.3,56386,13936,15.4,9.29,50.82,35.8,51
Chilton,AL,34.19,34,52230,14036,18.6,9.48,51.41,47.8,296
Choctaw,AL,52.13,32.9,81367,13423,25,9.94,52.54,17.6,29
Clarke,AL,42.87,31.7,87444,13750,24.4,8.79,52.18,22.4,105
Cleburne,AL,40.94,34.1,63458,14168,15.6,8.58,50.71,23.2,203
Coffee,AL,37.19,34.1,79268,17318,14.9,10.4,50.99,60.5,357
Colbert,AL,54.4,35.7,71629,15705,15.3,11.87,51.97,88,330
Conecuh,AL,50.02,34.5,49065,12876,27.4,8.9,52.67,16.6,171
Covington,AL,35.84,36.2,104307,13921,21.6,11.67,52.74,35.7,239
Crenshaw,AL,45.44,35.9,77907,13247,22.8,8.99,52.61,22.1,165
Cullman,AL,35.98,34.8,67879,15261,15.4,10.07,51.4,94.4,247
Dale,AL,32.29,29.1,43261,14569,17.2,10.15,49.65,88.9,201
Dallas,AL,56.38,31.1,68101,13574,34.2,10.31,54.38,48.9,794
De Kalb,AL,38.2,34.9,64579,14294,17.3,9.26,51.71,71.9,104
Elmore,AL,30.52,32.9,55540,14789,15.9,10.45,49.22,84.3,357
Escambia,AL,37.5,33.9,90379,13184,24.4,11.08,50.63,38,161
Etowah,AL,48.43,36,69920,15324,17.9,12.35,52.6,186.8,616
Fayette,AL,45.22,35.6,83058,13404,18.6,9.34,52.22,28.8,113
Franklin,AL,50.2,35.8,107673,14777,18.1,8.84,52.18,44.7,99
Geneva,AL,36.71,36.4,89634,15339,19.4,10.52,51.8,41.8,142
Greene,AL,79.18,31.3,27496,11165,38.8,6.01,54.17,15.8,416
Hale,AL,57.8,31.8,65003,11509,31.4,6.96,53.35,24.7,122
Henry,AL,43.15,35.4,99412,14658,19.1,9.33,52.73,27.8,183
Houston,AL,29.76,33.1,107388,17412,18,9.94,52.5,143.5,587
Jackson,AL,56.19,34.6,65230,15484,16.1,11.11,51.68,45.3,250
Jefferson,AL,42.12,34.1,131030,19892,18.6,12.71,53.24,589.7,740
Lauderdale,AL,47.21,34.7,90707,16058,13.9,11.24,52.23,122,283
Lawrence,AL,54.91,32,32426,13763,17.8,7.19,50.8,46.4,108
Lee,AL,38.8,26.2,72622,14458,18.5,8.1,50.18,146.8,609
Limestone,AL,37.45,32.8,43175,16384,14.6,8.31,50.09,99.8,189
Macon,AL,82.78,28.9,37611,11402,35.3,11.53,53.59,40.1,669
Madison,AL,36.14,31.9,69070,21029,12.9,10.5,50.74,310.9,722
Marengo,AL,50.09,32.5,98897,13908,28.4,9.44,52.76,23.8,387
Marion,AL,46.47,35.7,106725,13238,18,9.49,51.01,40.1,71
Marshall,AL,39.01,35.3,100160,15857,14.7,10.25,52.16,129.3,381
Mobile,AL,38.22,31.9,72077,15569,24.3,10.95,52.56,314.7,709
Monroe,AL,39.73,31.4,76753,13997,21.6,8.75,51.67,23.4,164
Montgomery,AL,43.34,31.6,107844,19618,20.4,10.63,52.83,270.9,631
Morgan,AL,34.31,33.6,73523,18164,12.9,9.74,51.27,177.8,443
Perry,AL,63.86,30.2,62737,10986,42.4,7.97,53.52,17.2,402
Pickens,AL,46.46,34.3,74484,12687,25.7,8.45,53.2,23.7,181
Pike,AL,41.88,29.9,118415,14447,25.6,8.65,53.07,41.9,114
Randolph,AL,40.7,34.9,76144,13064,18.5,9.96,51.74,34.8,139
Russell,AL,55.12,33,42769,13664,20.4,10.1,52.17,76.4,473
St. Clair,AL,30.14,33.5,37438,13994,16.2,9.17,49.65,83.4,157
Shelby,AL,21.42,31.5,41609,20445,8.1,7.34,50.92,134.6,79
Sumter,AL,68.47,28.9,43536,11611,35.2,6.38,53.69,17.9,231
Talladega,AL,40.72,33,50652,13299,22.3,9.74,51.69,101.3,95
Tallapoosa,AL,36.9,35.5,94605,15961,18,9.92,52.82,54.6,187
Tuscaloosa,AL,40.46,30.6,63784,16035,19.3,9.76,51.72,115.9,793
Walker,AL,50.22,35,74034,15598,17.7,10.83,51.95,86.1,253
Wilcox,AL,64.84,30.4,58132,10300,41.3,6.9,53.37,15.4,46
Winston,AL,33.85,35.5,96317,13674,16.2,9.26,51.16,36.3,151
Apache,AZ,61.44,23.4,14062,9805,40.8,4.86,50.81,5.6,73
Cochise,AZ,38.31,32.6,54901,14288,21.9,12.09,49.6,16.3,343
Gila,AZ,40.97,38.8,74724,13832,21.3,12.06,51.14,8.9,370
Graham,AZ,34.96,29.4,49789,11037,26.1,9.26,48.61,6,241
Maricopa,AZ,32.56,32,90041,19451,16,9.55,50.86,240.4,760
Mohave,AZ,32.63,40.7,74282,14589,17.7,9.32,50.17,7.9,625
Navajo,AZ,44.17,26.5,33766,10568,31.2,6.71,50.23,8.1,310
Pima,AZ,45.68,32.8,65541,16747,19,11.02,50.94,75.3,854
Pinal,AZ,42.1,32.6,44067,12724,25.7,9.45,48.66,22.4,563
Santa Cruz,AZ,43.47,29.5,128167,12100,27.4,5.4,52.17,26.2,600
Yavapai,AZ,30.75,42.4,95144,15378,15,9.69,51.07,14.3,337
Yuma,AZ,36.97,30.5,60526,13091,28,9.48,49.01,21.5,63
Arkansas,AR,59.01,35.5,177652,15327,19.6,12.91,52.74,21.6,457
Ashley,AR,61.42,33.9,74124,15044,21.3,11.9,52.08,26.7,373
Baxter,AR,44.44,47.1,121231,15577,14.9,12.29,52.25,58.8,109
Benton,AR,36.45,35.9,97252,18124,9.8,10,51.18,125.2,345
Boone,AR,42.45,36.5,62629,14605,14.2,11.15,52.07,49.6,168
Bradley,AR,61.07,36.6,132909,14936,23.8,10.22,52.44,17.8,304
Calhoun,AR,51.41,34.3,49484,12475,17.9,10.16,51.73,9.1,160
Carroll,AR,42.55,38.1,133734,14860,14.6,10.97,51.66,30.8,285
Chicot,AR,68.72,31.9,76209,12669,38.8,7.3,53.29,24.4,417
Clark,AR,64.64,32.2,119620,13403,20.6,11.22,52.48,24.8,202
Clay,AR,68.47,39.5,80249,13406,19,12.39,52.09,28,142
Cleburne,AR,51,41.7,105408,13970,16.7,11.71,51.46,36.7,219
Cleveland,AR,56.04,35.7,26922,12675,17.2,11.14,51.39,13.2,54
Columbia,AR,48.35,33.6,155722,14294,23.6,9.75,53.08,33.5,232
Conway,AR,57.75,34.7,59808,14486,18.5,12.49,52.17,34.7,177
Craighead,AR,54.43,31.6,87122,15310,16.8,9.13,51.85,99.9,445
Crawford,AR,41.18,32.6,60472,12673,18,10.37,51.09,74.4,297
Crittenden,AR,56.6,29.8,47128,14202,28,8.9,52.88,81.2,513
Cross,AR,58.09,32.2,105683,13750,24.9,9.14,51.97,31.2,242
Dallas,AR,53.68,36.4,90482,14782,21.3,11.05,52.12,14.2,296
Desha,AR,67.87,31.5,98155,13154,30.6,9.64,53.29,21.3,523
Drew,AR,59.51,31.8,84350,13477,19.6,10.36,51.7,20.8,123
Faulkner,AR,51.56,29.8,60028,15191,12.3,8.51,51.62,99.3,391
Franklin,AR,47.76,35.4,84306,12860,15.9,12.57,50.38,24.9,188
Fulton,AR,59.69,40.6,86435,10690,25.6,14.65,52,16.2,149
Garland,AR,52.26,40.8,95715,17457,17.9,13.66,52.32,112.1,554
Grant,AR,51.47,34.4,40619,14534,13,11.86,50.75,22.8,208
Greene,AR,61.2,35.5,87692,13029,16.4,10.61,51.59,56.8,265
Hempstead,AR,61.38,34.3,116516,13034,23.3,10.93,52.43,30.2,437
Hot Spring,AR,59.42,36.4,89702,12622,18.6,12.24,51.71,42.9,299
Howard,AR,55.56,34.5,109796,15854,17.5,9.15,51.86,23.3,151
Independence,AR,55.16,34.8,101619,14704,16.5,11.48,51.38,41.4,335
Izard,AR,61.18,43.9,97572,12867,21.1,12.57,51.04,20.3,49
Jackson,AR,65.71,36.7,79717,14215,23.9,11.42,52.21,29.8,280
Jefferson,AR,68.85,31.9,93840,14208,27.6,11.59,51.86,96.2,594
Johnson,AR,52.14,35.3,80327,12801,18,12.1,51.14,28.2,236
Lafayette,AR,57.12,35.1,102237,11796,30,9.03,52.41,17.9,136
Lawrence,AR,59.84,36.7,81939,12210,23.8,10.53,51.95,29.7,128
Lee,AR,67.82,31.9,45369,11213,45.4,7.94,52.1,21.4,471
Lincoln,AR,64.53,32.2,39478,10859,29,8.95,41.04,24.8,60
Little River,AR,58.18,33.8,73347,14504,19.1,11.83,51.47,25.8,206
Logan,AR,45.99,35.3,82325,13428,18.7,11.8,50.65,29.3,89
Lonoke,AR,50.32,32.5,65589,15744,14.2,9.02,50.83,53.4,215
Madison,AR,45.76,36,69156,13857,17.3,11.61,50.84,14.7,108
Marion,AR,44.15,42.7,70869,12902,19.1,13.59,51.16,20.9,127
Miller,AR,48.21,32.7,117603,13585,22.8,11.18,52.29,61.8,881
Mississippi,AR,62.94,29.4,62732,13954,26.2,9.06,51.81,61.2,822
Monroe,AR,60.35,34.5,106861,13899,33,11.48,53.01,18,294
Montgomery,AR,51.29,40.1,54338,12035,22.5,13.63,50.68,10.2,180
Nevada,AR,56.79,35.6,70636,12803,19.9,11.44,52.27,16.1,74
Newton,AR,42.59,35.7,47612,10483,26.3,12.17,49.95,9.2,30
Ouachita,AR,59.69,35.2,71745,14052,22.1,11.88,52.83,40.4,442
Perry,AR,54.39,36.4,55942,12829,16.7,10.89,50.99,15.1,92
Phillips,AR,65.63,30.8,88659,12440,42.7,9.3,54.29,40.6,464
Pike,AR,51.23,36.4,130671,14460,17.4,12.27,51.18,16.6,71
Poinsett,AR,62.31,34.6,89898,13199,26.6,11.03,51.9,32.2,184
Polk,AR,43.81,38,87606,13423,21,14.06,51.22,20.6,169
Pope,AR,43.13,31.8,83848,15627,16,9.9,50.59,59.2,309
Pulaski,AR,58.03,32.4,105797,20027,17.1,12.57,52.52,458,1130
Randolph,AR,62.1,36.6,60560,11488,21.4,11.69,51.61,25.9,146
St. Francis,AR,61.57,31,59719,12171,35.7,8.24,53.46,44.5,771
Saline,AR,49.38,33.4,35739,15059,9.3,10.63,50.47,92.6,365
Scott,AR,48.84,36.2,92731,12566,21.1,10.9,50.81,11.6,97
Sebastian,AR,41.78,33.7,110853,18033,15.4,13.35,52.14,189.2,626
Sevier,AR,51.05,34.9,96997,14560,19.4,13.04,50.4,25.4,296
Sharp,AR,52.27,44.8,114766,12013,20.6,13.32,52.25,24.8,145
Stone,AR,52.03,39.2,62499,12046,23.9,9.64,50.93,16.8,112
Union,AR,47.29,34.5,113471,17626,19.2,11.76,52.7,44.9,475
Van Buren,AR,51.88,43.2,86181,12238,21.6,14.25,50.76,20,197
Washington,AR,46.01,30.8,97273,16784,11.7,10.15,50.51,126.4,429
White,AR,48.67,33.1,90898,13283,17.9,9.43,51.36,55,290
Woodruff,AR,74.08,34.3,98385,14331,31.8,9.55,52.87,15.7,59
Yell,AR,54.49,35.6,108440,14876,16.9,11.31,51.28,19.5,317
Alameda,CA,63.04,32.7,76414,23707,12.3,11.3,55.39,1774.1,837
Amador,CA,34.25,37.9,92568,16612,9.5,10.46,44.53,53.8,243
Butte,CA,38.22,33.8,61001,16197,19,10.72,51.18,115.5,538
Calaveras,CA,35.25,39.5,48330,16325,11.5,9.9,50.29,34.6,351
Colusa,CA,31.91,32.1,107363,19360,17.4,9.31,48.74,14.7,389
Contra Costa,CA,50.93,34.1,106163,27158,9,11.37,50.99,1166,606
Del Norte,CA,38.91,32.3,36592,12792,19.9,10.38,44.54,26.4,371
El Dorado,CA,32.38,35.3,40039,20424,8.5,10.21,49.92,80.3,379
Fresno,CA,42.17,29.3,59965,16854,28.1,8.47,50.38,118.4,910
Glenn,CA,30.24,32.6,82020,14674,19.5,10.49,49.89,19.4,380
Humboldt,CA,48.07,33.1,66404,16831,17.3,12.57,50.29,34.1,534
Imperial,CA,43.88,28.8,59797,13987,28.6,6.64,49.98,30.8,690
Inyo,CA,31.84,39,73921,18100,12.8,15.95,51.03,1.8,322
Kern,CA,33.75,29.7,44347,15963,21.8,8.55,49.4,72.2,648
Kings,CA,38.91,28.1,43635,13191,22.5,6.83,45.78,76.9,437
Lassen,CA,32.7,31.9,47613,14409,15.6,12.58,42.19,6.1,221
Los Angeles,CA,52.54,30.7,88044,21577,23.8,9.66,50.14,2233.5,762
Madera,CA,35.92,31.9,38324,15024,20.9,7.59,48.52,46.2,521
Marin,CA,58.27,38.1,105449,37387,6.4,14.66,50.2,449.2,398
Mendocino,CA,50.21,35.6,79473,17246,16.8,12.32,50.02,23.3,471
Merced,CA,40.85,27.9,42895,14962,24.5,7.67,49.21,98.1,509
Modoc,CA,32.19,37.2,74228,14472,18.2,11.78,48.96,2.5,231
Monterey,CA,47.01,29.6,64775,21143,16.1,9.85,48.48,111,533
Napa,CA,45.3,36.4,93299,24461,9.2,13.87,50.69,150.9,480
Nevada,CA,34.92,39.3,72156,18855,9.5,10.14,50.77,87,334
Orange,CA,31.56,31.4,82212,24996,12.6,10.7,52.17,3147.8,571
Placer,CA,33.69,35.1,73442,22748,8.5,9.72,50.56,133.2,463
Plumas,CA,37.61,39,75850,17503,11.5,14.41,50.12,8.1,559
Riverside,CA,38.64,31.5,41389,17969,15,7.31,50.11,179,738
Sacramento,CA,43.56,31.9,62605,20397,16.3,11.14,51.2,1130.3,763
San Benito,CA,42.03,30.3,60184,17122,12.9,7.12,49.27,27.7,428
San Bernardino,CA,38.74,29.3,31179,16388,17.5,8.15,50.05,76.4,691
San Diego,CA,37.24,30.9,68605,20689,16.3,10.3,52.7,618.8,660
San Francisco,CA,72.4,35.8,360313,31918,13.5,11.39,53.45,15621,1082
San Joaquin,CA,41.28,30.9,66194,17138,18.8,8.56,49.23,360.2,815
San Luis Obispo,CA,38.36,33.1,67268,18261,12.7,10.01,48.53,66.8,383
San Mateo,CA,53.97,34.8,88188,30531,6.9,12.71,50.85,1476.7,447
Santa Barbara,CA,42.53,31.6,90068,23680,14.5,11.01,49.36,137.5,503
Santa Clara,CA,49.21,31.9,92634,26772,9.2,11.42,55.09,1183.1,489
Santa Cruz,CA,58.06,33,64480,23076,13.8,10.33,50.03,519.2,608
Shasta,CA,31.61,34.9,70305,17292,15.9,11.18,50.97,41.6,469
Siskiyou,CA,39.91,37.3,83006,15864,16.6,14.49,50.65,7,403
Solano,CA,48.69,30.8,43141,18901,9.7,10.11,50.17,435.3,628
Sonoma,CA,52.78,34.8,72064,22928,10.4,10.88,50.82,255.4,490
Stanislaus,CA,40.95,30.5,57185,16787,17.2,8.09,50.41,264.4,668
Sutter,CA,30.48,32.4,60863,18574,15.6,9.8,50.42,115.1,539
Tehama,CA,35.79,36,64007,14062,18.2,11.27,50.72,17.6,517
Tulare,CA,35.22,29.2,54247,15342,28.2,7.65,49.96,68.7,632
Tuolumne,CA,38.12,37.2,75885,16919,12,10.67,47.37,22.6,387
Ventura,CA,36.99,31.7,57175,21837,11.1,10.52,50.39,372,439
Yolo,CA,53.33,28.9,72646,19586,16.6,8.97,49.59,143.2,712
Yuba,CA,34.24,29.2,37114,13956,21.1,10.26,49.96,96.3,622
Adams,CO,44,30.7,23650,16715,12.9,12.83,50.27,235.1,692
Alamosa,CO,41.76,28.1,65165,13935,24,8.3,50.76,19.2,650
Arapahoe,CO,36.21,32.4,59827,24963,6.7,10.83,51.16,523.7,654
Bent,CO,43.64,39.1,83252,16563,20,25.04,48.09,3.3,226
Boulder,CO,50.93,31.6,66155,23661,8.3,9.77,49.97,320.5,563
Chaffee,CO,36.36,37.1,34978,14582,14.1,15.47,46.14,12.7,391
Cheyenne,CO,24.83,32,252148,22942,9.9,9.6,49.12,1.4,144
Crowley,CO,39.09,34.2,33100,12074,30.9,9.75,37.53,5.1,20
Delta,CO,32.63,40.7,64889,14386,17.4,12.26,50.25,19.3,270
Denver,CO,55.97,33.9,159683,24184,18,14.01,51.3,3162.4,861
Douglas,CO,24.94,32.3,31325,26345,2.8,5.23,49.7,87,233
Elbert,CO,24.52,33.8,20518,19050,6.1,8.99,49.91,5.8,144
El Paso,CO,27.41,30.2,46370,18342,12.1,10.97,49.74,197.8,562
Fremont,CO,35.4,37.7,55091,13374,17.4,13.29,48.04,21.5,373
Garfield,CO,36.36,32.8,85107,17552,10.4,9.7,49.03,10.6,403
Gunnison,CO,41.48,28.2,75537,15395,12.2,10.89,46.78,3.3,866
Huerfano,CO,52.92,39.6,43061,13464,24.9,12.8,51.07,3.7,332
Jefferson,CO,36.22,33.3,49028,22563,6.2,12.05,50.53,589.1,494
Kiowa,CO,28.16,37,81638,25714,11.5,16.19,50.7,0.9,69
Kit Carson,CO,25.29,34.9,157813,20128,12.8,11.43,50.51,3.3,300
La Plata,CO,37.87,31.9,71699,17714,12.4,10.1,49.64,20.4,502
Larimer,CO,38.36,31.1,51416,18404,10.8,9.15,50.57,76.2,180
Las Animas,CO,58.56,37.7,79200,13208,24.8,13.34,51.16,2.9,393
Lincoln,CO,27.75,36.9,141193,21016,16.2,11.91,42.7,1.8,187
Logan,CO,32.57,34.7,90658,17526,14.8,12.93,51.14,9.4,444
Mesa,CO,34.41,34.7,63968,16917,14.2,11.73,51.38,29.5,547
Moffat,CO,27.2,31.8,50988,17826,11.7,15.6,49.28,2.4,389
Montezuma,CO,29.72,33.3,89807,15127,17.1,10.67,51.21,9.6,488
Montrose,CO,31.67,37.1,89816,15909,12.7,12.18,51.09,11.4,404
Morgan,CO,33.43,33.1,85987,18110,15.5,11.82,50.93,17.7,436
Otero,CO,41.92,34.9,73156,15185,24.4,12.66,51.6,15.9,416
Phillips,CO,30.05,38.5,116671,18999,11,12.22,52.54,6,66
Prowers,CO,32.92,32,132074,15730,21.3,9.42,51.24,8,577
Pueblo,CO,53.62,34.7,52264,15582,20.7,14.48,51.46,51.8,651
Rio Blanco,CO,27.3,32.3,110260,17470,9.4,13.95,49.19,1.9,334
Rio Grande,CO,34,33.7,52253,15286,23,11.85,50.54,11.7,328
Routt,CO,39.06,32.4,119068,22654,6.5,10.97,46.62,6.4,374
Sedgwick,CO,34.64,40.8,83346,18661,12,15.92,51.21,4.7,104
Teller,CO,27.09,34.6,54644,19068,9.3,9.77,48.95,24.8,374
Washington,CO,25.26,37.3,128854,19003,13,13.07,50.15,1.8,87
Weld,CO,35.71,30.5,55994,16466,15.3,10.26,50.44,34.1,565
Yuma,CO,28.17,35.8,133721,19370,12,11.92,51.01,3.8,224
Fairfield,CT,39.13,35.5,191020,36257,7.7,13.34,52.01,1322.7,512
Hartford,CT,47.13,34.5,199847,26063,11.2,12.8,51.72,1151.5,595
Litchfield,CT,36.14,35.7,140960,24501,5.5,12.83,51.13,192.1,175
Middlesex,CT,42.83,34.8,139647,25217,5.2,12.97,51.1,392.1,232
New Haven,CT,41.9,34.2,159677,23651,11,12.59,51.86,1323.9,618
New London,CT,42.29,32.5,106965,22301,8.3,13.79,50.15,372.2,263
Tolland,CT,41.42,31.5,94933,20956,5.1,11.75,49.86,316.5,114
Windham,CT,40.38,32.7,84472,19510,9.6,11.76,51.14,201.2,133
Kent,DE,38.17,31.1,120322,16094,13,10.47,50.97,196.4,390
New Castle,DE,46.48,32.5,631534,23628,9.9,11.99,51.34,1065.9,425
Sussex,DE,36.47,36.4,130718,17484,13.9,9.98,51.4,127.3,233
Washington,DC,84.64,33.5,181395,27999,20.4,12.24,53.03,9540.7,1151
Alachua,FL,49.61,28.3,67103,17520,20.2,9.09,51.01,216.1,1082
Baker,FL,29.25,30.2,40609,13593,19.4,9.05,47.21,33,372
Bay,FL,28.12,33.2,41969,16424,16.3,10.35,51.04,174.7,740
Bradford,FL,36.46,33.6,55896,12438,21.6,13.76,44.38,78.4,759
Brevard,FL,31.19,36.2,67498,18715,11.6,11.42,50.49,417.5,668
Broward,FL,51.85,37.7,73135,22929,12.3,11.15,52.33,1084.5,853
Calhoun,FL,36.36,33.5,45242,11330,22.3,7.69,48.65,20.1,77
Charlotte,FL,36.91,53.6,88873,17584,10,8.81,51.8,173.6,366
Citrus,FL,35.62,50.8,89403,14941,15.5,9.75,52.08,171.5,276
Clay,FL,23.33,32,42602,17407,8.8,8.88,50.81,189.5,487
Collier,FL,26.13,40.7,126370,28557,13.1,7.56,50.29,81.6,571
Columbia,FL,36.97,33.6,56503,14089,20.4,10.73,50.99,55.7,728
Dade,FL,46.73,34.2,112594,16751,25.4,7.83,52.19,1031.5,1195
De Soto,FL,35.62,36.6,67987,15201,25,9.87,47.86,38.1,579
Duval,FL,36.85,31.5,82961,18857,15.4,11.57,50.8,903,1033
Escambia,FL,30.45,32.4,70654,16345,20.3,12.48,51.36,407.2,741
Flagler,FL,40.92,46.4,104754,14689,10.9,5.84,51.97,69.3,372
Franklin,FL,35.05,38.9,51274,13963,21.1,10.57,50.57,17.2,242
Gadsden,FL,58.96,31.8,45618,13185,29.2,8.77,52.39,81.8,511
Gilchrist,FL,37.62,33.5,46294,12536,17.8,7.89,47.07,29.8,139
Gulf,FL,33.11,35.7,36246,13797,19.3,10.08,50.13,20.7,214
Hamilton,FL,43.54,30.9,14973,12066,24.3,7.3,47.1,21.8,19
Hardee,FL,31.37,32.8,96343,15621,27,10.27,49.21,31.5,556
Hendry,FL,33.57,30.3,59821,17157,22.9,7.19,49.32,24,465
Hernando,FL,39.06,49.5,89897,14930,13.9,6.84,51.91,229.6,476
Highlands,FL,34.69,51.5,93767,16275,16.9,9.71,52.41,69.2,639
Hillsborough,FL,37.13,33,86182,18401,17,10.43,51.13,814.9,1043
Holmes,FL,28.75,35.6,46441,11892,24.6,10.56,49.23,33.8,120
Indian River,FL,28.12,44,138696,26637,11.5,9.58,51.62,186.2,585
Jackson,FL,37.35,34.3,62200,14271,20.9,10.58,48.92,46.4,217
Jefferson,FL,48.55,33.8,56216,14175,22.9,8.81,49.53,19.6,492
Lake,FL,33.24,44.7,101453,17326,14.1,9.62,51.96,170.3,452
Lee,FL,32.32,42,102447,20349,12.3,9.07,51.76,439.4,626
Leon,FL,49.12,28.8,75763,17976,14.9,8.78,51.75,303.8,1206
Levy,FL,39.59,38.5,66825,12847,19.2,10.24,52.15,24.2,445
Madison,FL,45.36,32.3,47323,12325,23.8,8.56,48.53,24.1,311
Manatee,FL,33.77,43.1,89672,20904,12.9,10.08,52.55,295.3,848
Marion,FL,35.44,40,68657,15633,18.4,8.8,51.76,131.5,663
Martin,FL,27.83,44.5,120549,29881,10.8,9.85,50.77,188.8,556
Monroe,FL,36.3,38.8,111797,22453,11.5,14.45,47.35,80.1,957
Nassau,FL,30.28,33.4,42532,19059,11.9,9.98,50.49,72,425
Okaloosa,FL,19.49,31.5,71158,17767,11.2,10.71,49.8,163.4,371
Okeechobee,FL,36.48,34.3,68035,13683,21.8,8.59,48.75,39.3,482
Orange,FL,34.89,31.5,79270,18920,14.7,9.56,50.3,785,887
Osceola,FL,33.16,33.7,56749,15266,14,6.01,50.97,90.1,801
Palm Beach,FL,46.36,39.9,89950,31407,12.3,9.19,51.78,460.4,901
Pasco,FL,39.08,48,90991,15427,14.6,11.1,52.49,385.5,447
Pinellas,FL,37.96,42.1,109640,21721,12.8,13.79,53.24,3081.4,734
Polk,FL,35.26,36.5,76139,16280,17.9,10.13,51.5,223.5,892
Putnam,FL,41.73,37.3,42137,13281,24.3,11.42,51.14,92.5,848
St. Johns,FL,30.74,37,81562,23965,11.8,8.73,51.5,148.3,683
St. Lucie,FL,34.99,37.9,67471,15425,15.9,7.84,50.93,281.7,643
Santa Rosa,FL,20,32.5,57891,16150,12.6,8.93,50.18,88.7,393
Sarasota,FL,34.89,49,138285,27785,9.9,11.19,53.17,498.6,692
Seminole,FL,30.33,33.3,55465,19694,9.9,9.26,51.11,1004.2,592
Sumter,FL,40.77,40.1,34141,13285,21.7,10.86,49.65,59.4,407
Suwannee,FL,35.06,36.5,53874,13975,19.3,9.37,51.67,41,318
Taylor,FL,35.6,33.5,37261,13963,20.6,11.87,51.33,16.6,354
Volusia,FL,41.94,39.4,102898,16388,15.4,10.56,51.62,352.3,608
Wakulla,FL,34.55,34.2,40833,14183,15.4,9.95,50.84,25.4,227
Walton,FL,28.69,37.8,32464,13562,18.7,11.21,49.69,27.9,212
Washington,FL,32.32,37.3,24995,12870,21.2,10.27,51.69,30,94
Appling,GA,40.73,32.3,42773,12725,21.2,7.93,51.76,31.4,200
Bacon,GA,42.67,31.7,87193,13056,24.2,8.18,52.54,34.4,204
Baldwin,GA,49.31,31.9,88596,16195,19.1,9.44,48.41,156.3,409
Barrow,GA,39.98,31.1,67746,14985,15.2,7,51.06,197.9,385
Bartow,GA,39.29,31.5,57532,15193,13,7.52,50.67,129.2,286
Ben Hill,GA,52.6,32.4,119063,14482,23.7,8.99,54.16,65.9,536
Berrien,GA,46.29,32.9,67781,14452,19.9,9.08,51.24,31.8,254
Bibb,GA,51.93,32.6,76630,18657,23.5,11.68,53.44,608.8,867
Bleckley,GA,43.23,32.6,82649,15466,17.4,9.75,51.84,48.8,141
Brooks,GA,43.92,32.1,41679,13093,29.8,8.54,52.83,31.2,326
Bulloch,GA,38.78,26.1,85664,13214,22.4,7.09,51.42,66.5,392
Burke,GA,53.17,29.6,60470,12699,29.2,7.07,52.69,25.3,324
Butts,GA,50.46,32.4,66241,14173,18.7,9.05,47.2,84.1,276
Calhoun,GA,64.47,33.5,113227,15112,29.2,8.41,54.79,17.5,253
Camden,GA,38.99,27.2,27287,12197,11.2,4.24,45.91,59.7,289
Candler,GA,43.27,34.6,103484,15555,25.5,9.65,52.5,32.4,54
Carroll,GA,37.21,30.4,62832,14798,16,7.53,51.52,148,461
Catoosa,GA,32.7,33.9,37852,13415,12.6,11.54,51.63,273.1,308
Charlton,GA,38.97,30.4,66347,11564,21.3,8.39,51.51,11.3,66
Chatham,GA,43.75,32.2,87632,19023,20,10.59,52.28,504.1,816
Chattooga,GA,46.47,34.8,54196,14066,15,11.33,52.03,71.4,157
Cherokee,GA,27.77,31.1,52897,17175,7.5,5.84,49.67,240.7,223
Clarke,GA,53.12,25.6,100548,16223,22.3,7.66,52.24,731,1007
Clay,GA,65,34.2,39635,12350,35.4,7.41,54.93,17.4,206
Clayton,GA,44.65,29.9,43964,16855,14,11.25,51.22,1318.4,804
Clinch,GA,41.32,31.6,57082,12584,25,8.19,51.61,7.7,226
Cobb,GA,32.45,31.7,84137,23195,8.2,8.94,50.77,1402.1,564
Coffee,GA,39.27,30.5,95719,15271,23.1,7.59,51.88,51.2,777
Colquitt,GA,37.86,32.6,78057,14892,25.8,9.96,51.44,67,638
Columbia,GA,25.23,31.2,30540,17165,7.7,7.2,50.04,251,315
Cook,GA,48.02,32.4,57653,12865,22.5,9.7,51.98,58.9,482
Coweta,GA,34.51,32,59670,17069,12.6,7.97,51.68,136.3,347
Crawford,GA,51.78,31.7,26096,12882,16.7,8.13,50.55,28.3,180
Crisp,GA,45.72,32.8,62798,14794,30.4,8.35,54.08,74.1,138
Dade,GA,37.09,32.7,53856,12299,16.3,10.2,51.14,76.5,180
Decatur,GA,43.11,31.7,56397,14744,26.9,9.71,52.35,43.4,497
De Kalb,GA,57.82,31.9,63404,22075,16.3,11.34,51.8,2094.7,1061
Dodge,GA,47.82,33.8,83682,13028,23.2,8.51,50.9,35.4,366
Dooly,GA,58.84,32.8,78470,14815,29,7.85,54.52,25.4,164
Dougherty,GA,49.26,29.9,67640,15650,27.6,12.23,53.06,296.3,1043
Douglas,GA,33.27,31.1,41886,16590,9.5,9.22,50.39,377.3,339
Early,GA,47.55,33.4,62383,14237,32,7.74,54,23.7,109
Effingham,GA,33.78,30.3,39298,14646,12.7,7.99,49.79,57.1,242
Elbert,GA,49.05,34.4,99841,14526,21.4,10.02,52.44,51.5,442
Emanuel,GA,45.93,32.3,88914,12667,28.4,8.85,52.42,30.2,290
Evans,GA,41.55,32.2,97457,14679,25.6,9.17,51.54,48.1,116
Fannin,GA,40.33,39,88296,12626,17.6,10.03,51.78,43,202
Fayette,GA,26.6,34.1,67403,22708,3.9,6.26,50.41,352.6,176
Floyd,GA,41.69,34.5,80777,17463,16.2,12.1,52.47,160.1,575
Forsyth,GA,28.89,32.8,71411,20194,7.9,6.2,49.86,220.5,469
Franklin,GA,42.29,35.9,117833,16263,17,9.12,52.11,65.3,252
Fulton,GA,57.29,32,201597,28465,23,10.2,52.21,1257,1354
Gilmer,GA,39.25,35.4,95830,14779,17.3,8.1,50.84,33.5,7
Glascock,GA,31.19,37,23635,15212,16.1,7.39,53.26,16,27
Glynn,GA,37.42,34.1,60632,19001,17.2,11.68,52.49,151,862
Gordon,GA,36.59,32.4,61457,15699,12.5,9.01,50.84,102.2,331
Grady,GA,41.77,32.9,71544,12936,24.9,10.05,52.48,45,448
Greene,GA,55.67,32.5,131716,14059,23.8,7.46,53.24,31.4,262
Gwinnett,GA,29.39,30.5,51598,21670,5.8,5.59,49.91,903,477
Habersham,GA,33.92,33.3,136899,16107,12.3,10.38,48.89,102.8,164
Hall,GA,34.58,32.3,135515,17885,14.2,8.72,50.62,253.5,456
Hancock,GA,77.95,31,52587,12272,28.8,5.22,54.45,19,149
Haralson,GA,43.05,33.5,82213,14632,17.5,9.3,51.97,79.4,326
Harris,GA,38.49,35.6,29930,17105,12.9,10.95,50.55,39.2,251
Hart,GA,47.5,35.7,89142,15264,15.7,9.76,51.82,87,40
Henry,GA,32.19,31.9,51437,16942,7.4,6.8,50.53,209.5,271
Houston,GA,37.47,31,54104,16375,12.6,11.96,51.2,247.6,539
Irwin,GA,48.44,33.3,72578,13801,25.1,8.06,52.85,24.1,410
Jackson,GA,41.37,33,58627,14970,15.9,8.61,50.46,91.7,333
Jasper,GA,49.12,33.8,80168,14962,18.3,8.98,51.8,23.5,107
Jeff Davis,GA,41.01,31.8,47707,14191,19.6,8.37,50.78,36.3,462
Jefferson,GA,53.77,31.4,75253,13775,27.7,7.19,53.8,33.2,90
Jenkins,GA,51.36,32.6,57944,12502,25.2,8.88,52.81,24.3,366
Johnson,GA,44.7,32.7,61128,12452,24.5,7.12,53.49,27.3,27
Jones,GA,45.86,32.2,26033,16620,12.6,8.92,51.43,54.1,130
Lamar,GA,46.83,33.4,74828,13034,17.8,10.09,52.77,73.1,245
Lanier,GA,47.34,31.6,102309,14000,24.6,9.18,51.28,30.5,255
Laurens,GA,43.99,33,100282,15378,21.4,9.79,52.22,50.5,586
Liberty,GA,48.8,24,20855,10420,19,4.67,45.38,110.6,354
Lowndes,GA,40.64,28.9,72967,15455,22.4,9.42,51.01,154.7,719
Lumpkin,GA,39.91,30.3,92881,15051,14.7,6.25,50.36,54.1,185
McDuffie,GA,40.82,32,87855,15110,20.7,8.5,52.78,80.4,120
Macon,GA,65.45,31.2,54723,13986,30.2,8.05,53.64,32.2,179
Madison,GA,34.72,32.8,31159,14508,16.3,8.91,51.01,77.7,6
Marion,GA,55.69,32.1,35486,12658,24.1,8.19,51.92,15.5,56
Meriwether,GA,54.67,31.8,58441,11869,23.6,8.47,52.2,45.1,276
Miller,GA,42.13,34.7,102114,14944,24,9.59,52.55,22.3,62
Mitchell,GA,52.67,30.7,69819,13683,30.7,7.8,53.02,40,464
Monroe,GA,44.97,33,48653,14815,15.8,7.49,50.92,45.2,278
Morgan,GA,46.17,32.8,82064,15841,17.3,8.2,51.8,38,344
Murray,GA,38.31,30.4,40531,13615,12.1,7.07,50.38,80.4,284
Muscogee,GA,49.68,30.6,92928,16740,22.2,12.55,51.69,859.9,620
Newton,GA,42.54,31.1,55474,14955,15.8,8.04,52.1,161.7,599
Oglethorpe,GA,40.26,33.5,43697,14094,16.5,8.1,51.77,23.1,196
Paulding,GA,34.54,29.8,44189,13925,9,5.99,50.02,150.8,277
Peach,GA,52.73,30,67911,16049,25.2,8.89,52.33,144.9,251
Pickens,GA,41.04,34.4,100331,16530,13.8,7.31,51.04,64.6,93
Pierce,GA,41.41,33.3,74455,14439,21.1,9.66,51.35,39.7,224
Pike,GA,40.23,33.5,62030,14928,13.3,10.16,50.51,48.1,134
Polk,GA,45.67,33.8,57379,13612,18.4,11.18,51.97,110.2,404
Pulaski,GA,50.88,35.3,100364,17087,21.5,11.94,53.46,32.7,400
Putnam,GA,45.78,34.2,62346,15325,16.9,7.04,51.03,43.3,167
Rabun,GA,40.63,39.8,132881,13923,15,11.14,51.56,32.1,182
Randolph,GA,59.34,32.1,79026,13060,34.9,9.23,54.39,18.9,96
Richmond,GA,48.57,30.3,63422,17331,21.9,11,50.47,623,715
Rockdale,GA,30.86,32.1,53077,18460,8.8,8.58,50.56,450.7,425
Screven,GA,44.43,33,63338,14521,22.3,9.21,52.61,21.3,254
Seminole,GA,47.36,33.6,67054,13826,27.6,9.12,50.44,38.2,372
Spalding,GA,40.63,32.1,69241,15108,18.6,10.1,52.05,283.8,814
Stephens,GA,35.04,34.8,63985,14916,16.8,9.71,51.86,133.9,181
Sumter,GA,48.96,30.4,91433,15141,26,8.78,53.89,63.5,546
Tattnall,GA,39.72,33.1,63776,13767,26.2,10.1,46.41,37.2,260
Telfair,GA,53.39,34,88781,12995,26.3,8.45,54.03,26.3,172
Terrell,GA,55.9,33.1,102730,13828,30.9,8.08,54.1,31.3,471
Thomas,GA,40.52,33.1,79996,16732,23.5,10.14,53.34,72,446
Tift,GA,41.07,30.7,101581,15714,23.6,8.8,51.34,133.9,665
Toombs,GA,35.35,32,66903,14833,25,8.73,52.49,66.8,334
Towns,GA,40.15,43,134393,13559,14.3,9.81,51.35,42,63
Treutlen,GA,47.61,33.2,46858,12246,27,6.44,53.73,29.4,125
Troup,GA,37.63,32.5,72590,16161,18.4,9.66,52.81,136.7,708
Turner,GA,55.19,31.5,154594,15045,29.8,9.75,52.93,30.4,255
Twiggs,GA,61.82,30.8,10618,11861,22.5,7.79,51.95,26.9,87
Union,GA,40.74,39.3,148835,13326,15.7,7.26,50.34,40,129
Upson,GA,41.55,34.8,74363,14078,17.1,10.64,52.76,80.8,388
Walker,GA,35.55,34.5,36663,14335,14.3,12.6,51.48,132.6,367
Walton,GA,38.91,31.7,65240,16137,14.8,6.99,51.61,123.3,294
Ware,GA,43.87,34.4,76858,14166,22.6,11.4,51.64,39.7,546
Warren,GA,56.97,33.4,38632,12854,27.1,8.22,54.64,21,65
Washington,GA,52.16,32,75487,16265,23.4,7.41,53.11,28.5,353
Wayne,GA,40.41,32.6,57496,14135,21.4,8.97,51.43,36.9,482
Wheeler,GA,51.8,34.2,32265,13183,26.2,8.54,51.51,16.1,167
White,GA,33.58,36.8,114242,17087,12.5,8.5,51.32,57.5,254
Whitfield,GA,32.98,32.2,75849,18450,12.9,10.07,50.8,255.2,418
Wilcox,GA,50.13,34.7,98480,14476,27.4,8.66,52.7,18.4,79
Wilkes,GA,49.34,35.4,117984,15605,19.6,9.49,52.15,22.7,223
Worth,GA,44.17,31.5,49986,13579,24.3,8.5,51.84,35.8,215
Ada,ID,28.99,31.9,78600,21384,9.1,11.06,50.96,211.9,463
Adams,ID,23.59,36.2,48949,15461,12.6,12.8,48.34,2.6,169
Bannock,ID,34.43,29.5,68873,14920,12.4,11.55,50.3,61.6,548
Bear Lake,ID,19.69,30.9,95563,12505,12.1,11.44,50.62,6.5,154
Benewah,ID,34.3,34.6,77437,15726,13.9,13.72,49.23,10.4,247
Bingham,ID,22.29,27.6,45989,14077,15.2,9.18,49.79,19,269
Blaine,ID,35.71,33.3,110136,24384,6.6,8.26,47.97,5.6,530
Bonneville,ID,19.83,28.7,68738,17733,10.6,10.52,49.53,41.3,493
Boundary,ID,29.01,32.8,70555,13381,15.4,11.86,48.86,6.8,157
Butte,ID,28.81,33.3,66950,13047,12.7,14.93,49.61,1.3,50
Canyon,ID,24.03,31.6,48339,14121,17,9.86,50.63,163.6,537
Caribou,ID,17.37,30.3,73751,15018,7.7,13.58,49.64,4,196
Cassia,ID,17.73,29.2,100296,16686,15.6,10.23,49.68,7.9,529
Clearwater,ID,38.4,37.5,74476,15466,12.2,18.06,47.81,3.5,107
Elmore,ID,26.97,27.7,29413,16949,11.2,11.5,48.3,6.7,327
Franklin,ID,12.94,27.5,56257,11497,11.8,7.54,49.52,14.3,158
Fremont,ID,18.23,28.1,52203,13539,13.6,10.21,48.55,6.1,189
Gem,ID,28.11,36,70698,15081,15.7,12.73,49.93,22.4,190
Gooding,ID,27.5,34.7,78628,16416,15.2,13.45,49.86,16.6,169
Idaho,ID,29.31,36.5,83686,14681,14,14.33,49.24,1.7,149
Jerome,ID,25.88,32.6,65378,15610,15.1,10.8,49.85,26.3,365
Kootenai,ID,31.8,35,77050,17642,11.5,11.67,50.78,62.1,565
Latah,ID,44.29,27.4,77344,15753,12.6,11.53,48.88,29.1,252
Lemhi,ID,26.07,38.1,96177,14244,15.5,15.01,50.37,1.6,37
Madison,ID,9.55,20,54431,10132,14.9,5.02,52.34,50.9,326
Minidoka,ID,24.47,30.4,50364,12786,15.1,10.53,49.7,26.6,403
Nez Perce,ID,41.65,35.6,81479,18111,11.1,14.54,50.93,41.3,423
Oneida,ID,18.81,31.4,91280,12546,11.2,8.71,50.33,2.9,134
Owyhee,ID,22.33,30.4,49278,12601,10.5,9.73,47.42,1.1,61
Payette,ID,24.55,34.1,62709,13692,17.8,10.11,50.73,42.9,310
Power,ID,28.12,29.8,64191,17631,13.8,10.27,50.09,5.3,379
Shoshone,ID,48.59,37.3,96099,14843,20.7,19.31,50.1,5.2,426
Twin Falls,ID,28.05,33.3,82766,15812,13.3,11.71,50.83,29.1,483
Valley,ID,30.32,37,76249,18218,11.8,12.16,49.12,1.9,555
Washington,ID,26.21,37.3,107648,13659,18.8,12.58,51.3,6,244
Adams,IL,37.2,35.4,97664,17574,14.2,14.37,52.39,77.7,378
Alexander,IL,58.83,34.8,55963,12673,30.1,13.63,53.02,44.8,645
Bond,IL,45.42,35,90772,16036,12,13.85,51.6,39.7,242
Boone,IL,37.53,33.1,61502,18120,7.6,11.02,50.53,116.2,256
Bureau,IL,42.17,36.3,154054,17890,9.4,13.9,52.09,41.1,104
Calhoun,IL,54.19,38.5,154006,15590,16.1,13.96,49.93,20.5,96
Carroll,IL,37.17,37.5,150530,17889,11,13.21,51.39,37.4,160
Cass,IL,49.64,35.8,125108,17913,11.9,14.92,51.25,35.4,98
Champaign,IL,46,27.8,92378,17183,13.3,9.55,49.11,175.6,560
Christian,IL,51.4,36.3,117869,17799,11.1,13.71,52.8,48.7,121
Clark,IL,41.83,37,119211,15810,11.5,13.88,49.31,31.9,94
Clay,IL,44.53,36.8,126863,16308,13.7,13.31,52.61,30.7,83
Clinton,IL,42.26,32.8,130285,18055,8.7,12.2,48.98,72.3,146
Coles,IL,42.16,29.8,79061,16366,13.1,11.78,52.74,102.1,208
Cook,IL,58.21,32.6,148027,23121,17.6,11.71,51.65,5430.5,783
Crawford,IL,40.99,37.1,150203,17695,10.5,14.79,49.91,44.2,165
Cumberland,IL,40.58,33.9,80559,15694,11.7,12.69,50.55,31.2,110
DeKalb,IL,40.15,27.1,115885,17077,8.7,9.51,50.6,125.8,145
De Witt,IL,38.78,35.4,83886,17464,9.9,14.83,50.9,42,238
Douglas,IL,40.37,34.5,107633,16038,9.4,12.37,51.54,46.8,112
DuPage,IL,30.88,32.3,92125,29399,3.8,10.65,50.73,2434.2,322
Edgar,IL,41.06,37.3,112061,16044,14.2,14.15,52.48,31.3,75
Edwards,IL,36.57,37.3,144554,15186,10.6,13.88,51.96,33.3,45
Effingham,IL,34.85,32,143466,17171,9.3,12.04,51.11,67.1,300
Fayette,IL,47.77,35.3,85860,13932,14.6,13.81,49.31,29,189
Ford,IL,33.56,36.9,139119,19333,9.2,14.57,52.15,28.8,123
Franklin,IL,59.33,37.8,114240,14764,18,14.47,52.51,97.3,47
Fulton,IL,54.94,36.9,95342,15706,14.6,14.49,50.47,44,259
Gallatin,IL,60.12,39.2,113716,16542,18.1,12.29,52.09,21,81
Greene,IL,44.99,36,131744,14005,14.6,14.27,51.41,28.2,190
Grundy,IL,37.64,33.3,108334,20467,5.7,11.57,50.31,80.5,57
Hamilton,IL,51.91,39.1,137476,15874,15.4,12.82,52.69,19.5,81
Hancock,IL,41.84,37.3,107816,16043,12.3,13.91,52.42,27.1,191
Hardin,IL,52.47,37.3,73273,13939,19.9,12.4,49.77,29.2,77
Henry,IL,45.45,36,110188,16385,10.5,13.49,51.13,62.3,74
Iroquois,IL,30.56,37,114726,17173,9.7,13,51.49,27.9,69
Jackson,IL,54.73,26.5,63326,13786,21.3,11.16,48.39,103.9,696
Jasper,IL,41.68,34.4,141455,16837,11,12.32,51.09,21.4,134
Jefferson,IL,49.24,34.9,89293,16110,16.2,12.93,51.96,65,449
Jersey,IL,47.05,33.2,73085,15500,11.8,13.95,51.02,56.9,264
Jo Daviess,IL,38.68,36.2,165969,19094,8,13.05,50.76,36.3,135
Johnson,IL,42.65,35.9,104696,11394,15.7,11.79,41.87,33.5,3
Kane,IL,34.84,30.9,84074,21482,8.4,10.34,50.29,640.7,447
Kankakee,IL,43,32.9,83669,17006,13.3,12.51,51.5,146.1,569
Kendall,IL,29.46,32,68458,19966,3.8,11.59,49.92,128.8,164
Knox,IL,49.51,36.5,71718,16824,13.3,14.18,50.77,78.6,400
Lake,IL,36.47,31.6,90609,30590,6.5,10.68,49.4,1205.2,365
La Salle,IL,46.62,35.5,107258,17526,10.1,14.33,51.01,95.2,198
Lawrence,IL,43.67,38,94545,19233,14.7,13.82,53.13,42.7,166
Lee,IL,35.87,34.2,108938,16000,9.1,13.12,49.42,48,155
Livingston,IL,35.13,34.3,115211,17256,9.8,13.2,49.91,38.2,202
Logan,IL,36.41,34.6,120703,16788,11,13.22,49.66,49.8,275
McDonough,IL,41.76,27.3,80531,14177,15.2,11.07,50.33,59.4,231
McHenry,IL,28.07,32.2,78011,22347,3.8,9.74,49.9,330.6,236
McLean,IL,38.95,28.8,73344,19768,8.8,10.07,52.09,112.9,267
Macon,IL,49.39,35,91099,19172,13.7,15.08,52.29,203.1,558
Macoupin,IL,50.93,36,107979,17154,12.3,13.7,52.06,55.5,146
Madison,IL,51.26,33.9,89259,18788,12,14.15,51.92,348.6,418
Marion,IL,51.2,35.1,99571,16832,15.8,13.37,52.45,72.9,327
Marshall,IL,43.4,37.8,114940,17374,9.4,15.02,51.51,33.4,68
Mason,IL,51.53,36.5,123284,15976,12.8,15.75,51.2,30.8,60
Massac,IL,47.43,37.7,107481,14635,15.4,12.97,52.78,62.3,273
Menard,IL,35.94,35.4,131067,18855,8.5,14.13,52.03,36.3,57
Mercer,IL,46.72,36,82766,16409,10.8,13.57,51.38,30.8,68
Monroe,IL,39.02,33.9,131814,18565,5.2,11.72,50.7,60.5,179
Montgomery,IL,50.04,35.3,130588,16214,13.4,13.69,49.92,43.8,147
Morgan,IL,38.97,34.3,103833,16911,11.5,12.96,51.31,63.8,599
Moultrie,IL,47.27,36.7,117527,15918,9,12.11,52.29,42,92
Ogle,IL,32.38,34,84020,16868,7.6,11.73,50.93,62.6,129
Peoria,IL,46.85,33.8,92882,19772,14.9,14.37,52.05,296.5,741
Perry,IL,54.2,35.5,110791,14858,14.5,12.81,51.84,48.3,179
Piatt,IL,41.67,36.2,159259,20296,6.9,14.37,51.29,35.7,222
Pike,IL,44.44,37.9,140925,14642,16.6,13.9,51.7,21.1,62
Pope,IL,44.09,35.8,52443,12346,17.2,13.7,45.87,11.9,93
Pulaski,IL,55.99,34.8,51067,13671,25.5,13.67,53.5,37.4,19
Randolph,IL,51.49,34,108397,15168,12.2,12.38,46.81,59.6,138
Richland,IL,40.76,35.6,95760,16388,13,12.36,52.17,46.4,104
Rock Island,IL,51.93,34.8,101793,20022,13,14.84,51.81,351.7,497
St. Clair,IL,53.58,32,80024,17138,18.3,12.51,52.23,395.7,439
Saline,IL,54.76,38.2,153092,16413,18.7,13.98,52.73,69.1,85
Sangamon,IL,41.35,34.2,110793,20800,10.7,13.41,52.83,209.1,628
Schuyler,IL,41.3,37.4,97276,15398,12.7,14.61,51.19,17.1,89
Scott,IL,37.98,35.9,147300,14484,10.4,13.48,52.22,22.3,64
Shelby,IL,45.65,36.3,92716,15945,9.7,13.87,50.73,29.5,29
Stark,IL,39.87,37.6,171258,17449,10.4,13.63,51.68,22.2,117
Stephenson,IL,36.47,35,136018,18730,10.1,11.87,51.71,85.9,393
Tazewell,IL,44.05,34.8,62371,18711,9.6,14.83,51.45,193.3,304
Union,IL,51.54,38,97719,14662,18.2,11.99,51.25,43,158
Vermilion,IL,47.8,35.4,77821,16348,15.4,14.77,51.11,97.5,494
Wabash,IL,39.04,34.9,166086,17078,12.3,13.92,51.94,58.2,123
Warren,IL,43.35,35.1,102263,16407,13,13.54,51.67,35.4,232
Washington,IL,39.52,35.9,131915,17739,8.8,13.05,51.29,26.3,158
Wayne,IL,37.56,37.4,130718,15556,12.2,13.36,51.84,23.8,49
White,IL,48.89,38.5,162738,17313,15.1,14.66,52.81,32.7,115
Whiteside,IL,45.41,34.7,109287,17246,10,13.51,51.12,88.3,316
Will,IL,39.2,31.1,55370,19651,7.6,10.88,50.12,447.7,326
Williamson,IL,49.93,36.1,83339,16083,14.8,13.23,51.81,138.4,265
Winnebago,IL,43.04,33.4,86930,19442,11.7,12.38,51.45,504.7,811
Woodford,IL,33.67,34.1,67328,18093,6.9,12.37,51.01,63.3,80
Adams,IN,29.18,30.6,125678,15770,12.6,8.92,50.88,92.8,154
Allen,IN,32.6,32.1,112144,20748,11.2,12.17,51.58,463.6,607
Bartholomew,IN,30.19,34.2,75440,19936,9,12.04,51.35,160.5,340
Benton,IN,28.24,34.7,135028,16609,8.8,11.86,51.09,23.9,95
Blackford,IN,36.14,35.7,67304,15328,12.9,13.6,51.4,84.8,220
Boone,IN,22.94,34.4,69895,22613,6.6,11.87,51.72,93.4,55
Brown,IN,32.08,36.5,28332,16039,9.9,11.07,49.84,46.7,9
Carroll,IN,29.91,35,104096,16697,7.7,12.38,50.94,51.8,115
Cass,IN,29.3,35,94307,16880,12.3,13.96,51.95,93.5,202
Clark,IN,47.58,33.8,67654,17380,11.6,13.65,52.15,238.3,453
Clay,IN,32.53,35.2,90885,15438,10.7,12.42,52.06,70.5,116
Clinton,IN,28.55,34.1,89376,16363,10.5,11.92,51.67,78.5,280
Crawford,IN,45.25,34,75527,12393,16.2,12.19,50.27,32.7,103
Daviess,IN,30.43,33.6,83851,15051,14.7,11.3,51.65,64.8,76
Dearborn,IN,32.86,33.1,47333,16428,8.7,10.65,50.9,135,78
Decatur,IN,26.96,32.6,83775,16492,9.5,11.65,50.55,65.2,73
De Kalb,IN,30.97,31.9,67585,17153,7.2,11.22,50.91,100.9,116
Delaware,IN,38.56,31.4,65528,17507,16.4,12.91,52.39,304.1,85
Dubois,IN,36.76,32.1,185623,19630,5.1,10.68,50.81,87.2,93
Elkhart,IN,28.09,31.8,99012,18577,9.8,9.82,51,343.5,442
Fayette,IN,37.06,35.1,64018,16431,13.1,13,51.56,121.9,324
Floyd,IN,44.4,34,80130,18682,11,12.24,52.23,454.1,339
Fountain,IN,33.64,35.9,114436,15386,10.8,12.82,51.71,45.2,30
Franklin,IN,30.07,32.7,86875,14700,11.1,10.76,50.41,51.6,40
Fulton,IN,29.93,35.3,83708,15736,9.9,13.36,51.37,51.8,9
Gibson,IN,46.68,35.1,86094,16998,9.2,13.17,51.95,65,48
Grant,IN,32.05,34.9,63292,16610,15.2,14.51,51.7,179.2,401
Greene,IN,39.91,35.9,93722,15264,13,12.53,51.48,57.9,17
Hamilton,IN,18.43,32.9,62579,28005,4.1,8.88,51.19,304.3,115
Hancock,IN,23.02,34.2,63769,19890,5.7,11.91,50.75,154.8,168
Harrison,IN,42.19,33.2,101553,15799,10.8,11.2,50.35,63.3,115
Hendricks,IN,21.34,33.3,62744,20074,4.7,12.14,49.41,194.9,86
Henry,IN,33.99,36.1,60662,16809,13.1,13.59,51.89,123.7,249
Howard,IN,29.96,34.1,63532,19321,12,13.96,52.14,280.5,363
Huntington,IN,24.07,32.8,86077,17700,8,11.07,51.48,93.6,235
Jackson,IN,35.02,33.6,82073,15798,10.7,10.83,51.52,75.8,38
Jasper,IN,30.67,32,112801,15338,8.9,11.53,50.44,46.4,21
Jay,IN,36.31,35,75039,13866,13.4,12.46,51.31,56.8,145
Jefferson,IN,41.77,33.7,67505,15024,12.8,12.71,51.12,83.8,64
Jennings,IN,33.72,33.1,51863,15553,12.9,10.99,50.44,64.4,224
Johnson,IN,23.27,32.6,61848,19838,7.9,10.64,51.32,292.3,157
Knox,IN,38.87,33.5,99734,16303,15.1,12.82,51.28,77.5,347
Kosciusko,IN,21.5,32.2,88646,19191,7.8,10.05,50.93,122.6,117
Lagrange,IN,28.12,28.1,109155,13605,10.5,6.63,50,79.6,87
Lake,IN,55.17,33,65369,17881,15.9,13.64,51.95,966,678
La Porte,IN,41.72,34.2,72291,17051,11.5,13.74,48.92,181.7,509
Lawrence,IN,33.11,35.3,81952,16126,11.4,12.88,51.44,96.7,203
Madison,IN,37.72,34.8,68275,16776,13.7,13.71,51.03,290.8,350
Marion,IN,37.75,31.8,119332,21430,15,12.04,52.49,2048.2,755
Marshall,IN,29.65,33.3,90154,16482,8.6,10.5,50.8,97.2,25
Martin,IN,37.11,34.1,80087,15323,11.6,14.38,50.7,30.9,126
Miami,IN,28.5,31.5,61919,14891,12.8,12.1,50.69,98.5,26
Monroe,IN,45.22,26.4,57887,16281,14,8.72,51.98,280.7,368
Montgomery,IN,23.15,34,81913,18139,9.3,12.67,50.37,69.4,328
Morgan,IN,22.22,32.9,48631,17075,9.1,11.04,50.78,143.9,154
Newton,IN,32.88,33.6,94709,15336,9.8,12.47,50.66,34.6,171
Noble,IN,32.17,31.9,73852,16246,8.5,10.79,50.63,94.1,90
Ohio,IN,38.58,34.1,35694,14690,10.1,12.96,51.33,61.1,10
Orange,IN,36.78,34.7,126441,13795,14,12.16,51.26,46.5,43
Owen,IN,33.67,34.7,57836,13984,13.2,11.07,50.61,47.5,18
Parke,IN,34.22,36.3,69951,15530,12.2,14.45,51.93,35.3,40
Perry,IN,51.47,33.5,113279,14114,10.9,13.36,49.25,49.6,157
Pike,IN,46.46,36.3,105377,16453,13,13.42,50.6,36.9,44
Porter,IN,36.84,32.7,54246,19914,6.6,11.65,50.94,321.1,284
Posey,IN,40.44,33.4,101105,18146,8.1,12.44,50.45,63.9,43
Pulaski,IN,32.96,33.8,144603,15754,12.1,12.19,50.84,29.7,117
Putnam,IN,28.94,32.1,79440,15232,9.3,12.16,48.7,65.4,56
Randolph,IN,32.84,35.6,88770,15401,15.1,13.21,51.48,59.8,73
Ripley,IN,31.82,33.1,138470,17345,10,11.22,50.94,56.9,69
Rush,IN,27.07,33.6,89738,15736,11,12.79,51.49,44.8,17
St. Joseph,IN,44.23,32.8,80635,18487,12.1,12.92,51.74,547.8,647
Scott,IN,51.98,32.7,51973,14465,15.7,10.02,51.39,112.9,116
Shelby,IN,28.13,33.1,71550,17905,9.3,12.42,51.36,99.8,18
Spencer,IN,44.9,33.7,70498,15467,9.3,12.76,49.82,49.4,31
Starke,IN,42.19,33.3,63260,12701,16.2,10.72,50.66,72.7,15
Steuben,IN,31.65,33.4,91466,17312,8.4,10.33,50.12,91.7,400
Sullivan,IN,45.93,36.7,98330,16074,12.9,14.04,52.02,42.5,25
Switzerland,IN,45.31,35.2,63214,12984,15.4,11.73,50.84,36.2,59
Tippecanoe,IN,34.46,26.8,87934,17264,11.7,9.89,49.46,264.5,454
Union,IN,30.26,33.7,149921,14299,10.9,10.69,51.29,43.9,44
Vanderburgh,IN,43.99,34.5,101325,19955,14,13.25,52.83,710.6,442
Vermillion,IN,46.63,36.5,74398,16281,11.3,14.15,52.45,64.6,32
Vigo,IN,42.81,33,99213,16530,15.1,14.56,50.98,265.8,446
Wabash,IN,29.92,33.7,73236,16315,9.7,11.15,51.56,84.2,162
Warren,IN,34.15,36,47912,15471,9.6,12.9,50.48,22.5,38
Warrick,IN,41.78,33.3,56073,18622,7.1,11.54,50.71,121.3,44
Washington,IN,40.69,33.3,65278,14151,13.8,10.02,50.14,47.4,25
Wayne,IN,36.42,34.9,69174,16470,16.4,13.34,52.24,178.6,336
Wells,IN,27.26,33.1,91019,17873,7.1,10.82,51.35,70.5,144
White,IN,29.23,35.1,108531,16710,8.7,13.05,51.53,47.1,168
Whitley,IN,29.6,33.3,91840,17230,6.3,11.17,50.83,84.6,13
Adair,IA,39.46,39.3,138220,16324,12.1,12.81,51.7,14.8,108
Adams,IA,39.83,40.1,108057,15409,15.4,14.6,51.12,11.1,132
Appanoose,IA,44.09,37.9,95008,14636,19,13.25,52.29,27.8,333
Audubon,IA,41.03,40.3,143152,17612,11.4,14.73,51.85,16,128
Benton,IA,42.79,34.7,114227,16637,9.5,13.19,50.87,31.8,158
Black Hawk,IA,48.06,32.8,90720,17425,14.1,14.19,52.26,219.2,79
Boone,IA,48.39,36.6,74008,18902,9.2,13.02,52.09,44.3,220
Bremer,IA,40.75,35.2,128264,17168,8.4,11.96,51.3,52.8,40
Buchanan,IA,43.15,33.4,101325,16076,13.1,12.18,50.77,36.8,124
Buena Vista,IA,36.45,33.9,139358,16786,9.7,12.41,51.32,35,290
Butler,IA,35.7,37.9,104918,16317,9.7,11.58,51.03,27.2,76
Calhoun,IA,40.58,39.8,122010,18293,11.1,13.58,52.08,20.2,111
Carroll,IA,40.11,34.2,137163,18298,9.7,11.94,51.59,37.8,102
Cass,IA,31.61,38.3,143033,17391,11.9,12.85,52.25,26.6,180
Cedar,IA,40,36.1,134924,17920,9.2,12.33,51.13,30.5,224
Cerro Gordo,IA,46.99,35.4,104292,17910,10.3,14.42,52.62,82.3,500
Cherokee,IA,37.57,37.2,157590,17106,9.5,14.31,51.57,24.3,92
Chickasaw,IA,43.87,35.7,173639,16895,9.4,12.17,50.2,26.4,99
Clarke,IA,45.09,36.7,125501,14134,14.8,12.57,52.14,19.5,125
Clay,IA,39.93,35.1,122512,17667,9.7,13.99,52.15,31.1,214
Clayton,IA,40.72,35.9,116313,15639,11.8,12.31,50.7,24.1,51
Clinton,IA,46.81,35.1,93269,17385,11.8,14.52,51.89,73.8,67
Crawford,IA,39.16,35.4,136430,17233,13,12.49,51.11,23.4,168
Dallas,IA,44.1,34.6,95938,19759,7.8,11.36,51.01,52.7,193
Davis,IA,48.55,36.1,77807,14908,14.7,11.59,51.09,16.5,180
Decatur,IA,46.81,35.5,64483,12906,21.1,13.64,51.61,15.2,184
Delaware,IA,36.42,32.7,112964,15713,12,9.67,50.72,31.7,83
Des Moines,IA,53.37,35.9,101245,17810,11.7,15.11,52.12,103.1,526
Dickinson,IA,37.4,39.7,89895,19927,8.3,14.01,51.96,39.9,106
Dubuque,IA,47.8,33.1,108968,18086,10.2,12.47,51.54,143.7,273
Emmet,IA,44.5,36.1,124507,16375,12.4,13.97,51.68,29.3,239
Fayette,IA,40.62,36.4,128185,15076,13.5,13.12,51.24,30.1,42
Floyd,IA,47.59,37.9,134049,16975,12.7,14.01,52.41,33.8,227
Franklin,IA,38.91,38.1,109071,17704,11,13.71,51.68,19.2,89
Greene,IA,45.25,39.4,205159,18133,11,14.39,52.17,17.8,41
Grundy,IA,30.78,38.8,162083,19418,7.4,12.93,51.88,24.1,59
Guthrie,IA,40.97,39.9,130174,17219,11.6,12.97,51.91,19,127
Hamilton,IA,42.47,37.1,124157,18879,9.4,14.2,51.38,27.9,181
Hancock,IA,37.46,35.4,132135,16307,10,12.45,51.2,21.7,48
Hardin,IA,42.23,37.9,159764,17613,11.6,14.17,51.61,33,256
Harrison,IA,34.2,36.5,96187,16346,12.6,13.14,51.76,21.1,70
Henry,IA,41.08,34.7,93515,16739,10.5,10.89,49.59,45.1,239
Howard,IA,43.17,37.7,134426,15702,12.9,12.34,51.11,20.9,98
Humboldt,IA,34.04,38.6,133781,17789,9.1,14.25,51.34,24.4,53
Ida,IA,34.18,36.9,161700,17383,9.8,13.84,51.47,19.2,1
Iowa,IA,36.76,36.6,111545,19405,7.2,11.8,51.53,25.2,13
Jackson,IA,47.51,35,131448,16008,13,12.37,50.87,31.6,142
Jasper,IA,45.08,36.1,99804,18338,8.3,13.14,50.99,47.8,124
Jefferson,IA,30.72,36.8,102631,16230,14.2,10.04,51.11,37.9,324
Johnson,IA,55.35,27.3,99040,18890,9.7,7.96,50.2,159.6,44
Jones,IA,39.42,34.6,134326,14345,11.3,12.21,48.15,34.4,142
Keokuk,IA,41.76,37.4,140796,16166,12.9,13.37,51.23,20,187
Kossuth,IA,40.4,36.7,156255,16974,11.2,13.57,51.3,18.7,114
Lee,IA,54.61,35.8,103853,16605,13.1,14.94,50.86,75.6,159
Linn,IA,43.39,33.1,102100,20425,9.3,13.56,51.3,241.1,1
Louisa,IA,43.17,34.3,103034,17065,11.6,12.18,49.65,28.4,297
Lyon,IA,23.24,34.8,124328,15323,9.8,11.23,50.91,20.4,28